insert into CONTACTS (email, phone, country, code, city, street, lat, lng) values ('keggle0@senate.gov', '+234 286 743 1089', 'Hungary', 8230, 'Balatonfüred', 'Szömörce utca 9', 46.9667787, 17.8785721);
insert into CONTACTS (email, phone, country, code, city, street, lat, lng) values ('afitzsymons1@slideshare.net', '+63 942 782 2714', 'Hungary', 8220, 'Balatonalmádi', 'Szömörce utca 9', 47.0418377, 17.9994261);
insert into CONTACTS (email, phone, country, code, city, street, lat, lng) values ('ggrogono2@patch.com', '+592 945 865 6349', 'Hungary', 4002, 'Debrecen', 'Szömörce utca 9', 47.5300581, 21.7029055);
insert into CONTACTS (email, phone, country, code, city, street, lat, lng) values ('igeorge3@gmpg.org', '+63 909 555 2595', 'Hungary', 8200, 'Veszprém', 'Szömörce utca 9', 47.0980934, 17.8448546);
insert into CONTACTS (email, phone, country, code, city, street, lat, lng) values ('rflanders4@narod.ru', '+86 252 718 0166', 'Hungary', 8000, 'Székesfehérvár', 'Szömörce utca 9', 47.1917285, 18.4034223);
insert into CONTACTS (email, phone, country, code, city, street, lat, lng) values ('dcouser5@themeforest.net', '+1 214 401 7504', 'Hungary', 8230, 'Balatonfüred', 'Tamási Áron utca 9', 46.9655024, 17.8829755);
insert into CONTACTS (email, phone, country, code, city, street, lat, lng) values ('dchallenger6@boston.com', '+47 737 528 5562', 'Hungary', 1124, 'Budapest', 'Tamási Áron utca 9', 47.4918158, 19.0082272);
insert into CONTACTS (email, phone, country, code, city, street, lat, lng) values ('bpogosian7@dedecms.com', '+216 347 505 6426', 'Hungary', 2903, 'Komárom', 'Tamási Áron utca 9', 47.7491263, 18.0711669);
insert into CONTACTS (email, phone, country, code, city, street, lat, lng) values ('sarchbell8@theguardian.com', '+52 190 806 5383', 'Hungary', 2400, 'Dunaújváros', 'Tamási Áron utca 9', 46.9705292, 18.9181006);
insert into CONTACTS (email, phone, country, code, city, street, lat, lng) values ('mwhybray9@issuu.com', '+1 503 727 6943', 'Hungary', 2131, 'Göd', 'Tamási Áron utca 9', 47.6765075, 19.1261509);
insert into CONTACTS (email, phone, country, code, city, street, lat, lng) values ('mmakena@xinhuanet.com', '+351 873 704 6770', 'Hungary', 1052, 'Budapest', 'Petőfi Sándor utca 9', 47.4944613, 19.0553173);
insert into CONTACTS (email, phone, country, code, city, street, lat, lng) values ('mshirilb@51.la', '+84 871 164 6029', 'Hungary', 6000, 'Kecskemét', 'Petőfi Sándor utca 9', 46.9035733, 19.6851248);
insert into CONTACTS (email, phone, country, code, city, street, lat, lng) values ('kcheethamc@dagondesign.com', '+46 202 288 5142', 'Hungary', 8380, 'Hévíz', 'Petőfi Sándor utca 9', 46.7890537, 17.1883907);
insert into CONTACTS (email, phone, country, code, city, street, lat, lng) values ('gshackeld@indiatimes.com', '+46 338 991 2892', 'Hungary', 2310, 'Szigetszentmiklós', 'Petőfi Sándor utca 9', 47.3492848, 19.0440601);
insert into CONTACTS (email, phone, country, code, city, street, lat, lng) values ('agrigoriscue@salon.com', '+86 108 383 2766', 'Hungary', 8900, 'Zalaegerszeg', 'Petőfi Sándor utca 9', 46.8400588, 16.8438138);
insert into CONTACTS (email, phone, country, code, city, street, lat, lng) values ('agrundf@google.it', '+81 712 206 2024', 'Hungary', 1051, 'Budapest', 'Arany János utca 9', 47.5018261, 19.0482991);
insert into CONTACTS (email, phone, country, code, city, street, lat, lng) values ('rringeg@google.es', '+33 698 190 6546', 'Hungary', 3530, 'Miskolc', 'Arany János utca 9', 48.1020103, 20.7879636);
insert into CONTACTS (email, phone, country, code, city, street, lat, lng) values ('ktomesh@topsy.com', '+1 686 351 2608', 'Hungary', 6720, 'Szeged', 'Arany János utca 9', 46.2557433, 20.1523499);
insert into CONTACTS (email, phone, country, code, city, street, lat, lng) values ('fmckintoshi@elegantthemes.com', '+677 156 236 5060', 'Hungary', 9653, 'Répcelak', 'Arany János utca 9', 47.4224819, 17.0198698);
insert into CONTACTS (email, phone, country, code, city, street, lat, lng) values ('svaninj@amazon.de', '+62 717 450 9433', 'Hungary', 7400, 'Kaposvár', 'Arany János utca 9', 46.3670008, 17.7848723);
insert into CONTACTS (email, phone, country, code, city, street, lat, lng) values ('bsturmank@google.de', '+1 516 290 0173', 'Hungary', 9700, 'Szombathely', 'Wesselényi Miklós utca 9', 47.2358379, 16.6248193);
insert into CONTACTS (email, phone, country, code, city, street, lat, lng) values ('ibruslel@oaic.gov.au', '+86 392 239 9543', 'Hungary', 2145, 'Kerepes', 'Wesselényi Miklós utca 9', 47.5714475, 19.2670812);
insert into CONTACTS (email, phone, country, code, city, street, lat, lng) values ('lroomm@nih.gov', '+1 319 318 7777', 'Hungary', 2045, 'Törökbálint', 'Wesselényi Miklós utca 9', 47.4436116, 18.9207758);
insert into CONTACTS (email, phone, country, code, city, street, lat, lng) values ('adrainn@topsy.com', '+595 167 632 0786', 'Hungary', 3531, 'Miskolc', 'Wesselényi Miklós utca 9', 48.0996943, 20.758168);
insert into CONTACTS (email, phone, country, code, city, street, lat, lng) values ('aallicocko@miibeian.gov.cn', '+63 326 400 4885', 'Hungary', 2081, 'Piliscsaba', 'Wesselényi Miklós utca 9', 47.6404713, 18.8294885);
insert into CONTACTS (email, phone, country, code, city, street, lat, lng) values ('msaigerp@google.co.jp', '+86 210 833 1593', 'Hungary', 1046, 'Budapest', 'Csokonai utca 9', 19.088156, 19.088156);
insert into CONTACTS (email, phone, country, code, city, street, lat, lng) values ('thewq@accuweather.com', '+7 933 158 3329', 'Hungary', 2310, 'Szigetszentmiklós', 'Csokonai utca 9', 19.0320651, 19.0320651);
insert into CONTACTS (email, phone, country, code, city, street, lat, lng) values ('llardeuxr@github.io', '+51 741 797 1364', 'Hungary', 8840, 'Csurgó', 'Csokonai utca 9', 17.0981188, 17.0981188);
insert into CONTACTS (email, phone, country, code, city, street, lat, lng) values ('lgorickes@instagram.com', '+86 217 865 2958', 'Hungary', 7100, 'Szekszárd', 'Csokonai utca 9', 18.703771, 18.703771);
insert into CONTACTS (email, phone, country, code, city, street, lat, lng) values ('chumerstonet@businessweek.com', '+385 560 211 7070', 'Hungary', 2040, 'Budaörs', 'Kossuth Lajos utca 9', 18.9606707, 18.9606707);
insert into CONTACTS (email, phone, country, code, city, street, lat, lng) values ('nmoiseyu@cornell.edu', '+34 751 202 9452', 'Hungary', 1195, 'Budapest', 'Kossuth Lajos utca 9', 19.1514716, 19.1514716);
insert into CONTACTS (email, phone, country, code, city, street, lat, lng) values ('clogiev@nydailynews.com', '+381 742 873 0933', 'Hungary', 8380, 'Hévíz', 'Kossuth Lajos utca 9', 17.186081, 17.186081);
insert into CONTACTS (email, phone, country, code, city, street, lat, lng) values ('sbonnesenw@ebay.co.uk', '+33 691 518 3072', 'Hungary', 3525, 'Miskolc', 'Kossuth Lajos utca 9', 20.7817575, 20.7817575);
insert into CONTACTS (email, phone, country, code, city, street, lat, lng) values ('clideardx@virginia.edu', '+7 635 763 9263', 'Hungary', 3300, 'Eger', 'Kossuth Lajos utca 9', 20.378297, 20.378297);

insert into USERS (contact_id, username, password, name, role, status) values (1, 'rmallebone0', 'mj9zSwjF5lW', 'Rica Mallebone', 'OWNER', 'ENABLED');
insert into USERS (contact_id, username, password, name, role, status) values (2, 'agirt1', 'Es08JT', 'Anders Girt', 'OWNER', 'ENABLED');
insert into USERS (contact_id, username, password, name, role, status) values (3, 'dleonard2', 'VZdRG2', 'Doralynn Leonard', 'OWNER', 'ENABLED');
insert into USERS (contact_id, username, password, name, role, status) values (4, 'dlawlee3', '90S3Fc', 'Deborah Lawlee', 'OWNER', 'ENABLED');
insert into USERS (contact_id, username, password, name, role, status) values (5, 'vgraser4', 'cN3TyzR1', 'Vitoria Graser', 'OWNER', 'ENABLED');
insert into USERS (contact_id, username, password, name, role, status) values (6, 'rlilliman5', 'vdfBrO7', 'Roxane Lilliman', 'OWNER', 'ENABLED');
insert into USERS (contact_id, username, password, name, role, status) values (7, 'cgorthy6', 'rV1jSlXCMGqM', 'Clemmy Gorthy', 'OWNER', 'ENABLED');
insert into USERS (contact_id, username, password, name, role, status) values (8, 'gmcneill7', 'BgO3i3pi', 'Gaspard McNeill', 'OWNER', 'ENABLED');
insert into USERS (contact_id, username, password, name, role, status) values (9, 'irevington8', 'FFftCyw', 'Isaiah Revington', 'OWNER', 'ENABLED');
insert into USERS (contact_id, username, password, name, role, status) values (10, 'ematz9', 'AcftzPp13Zr', 'Erhard Matz', 'OWNER', 'ENABLED');
insert into USERS (contact_id, username, password, name, role, status) values (11, 'mmelaa', 'z54KFW', 'Miof mela Call', 'OWNER', 'ENABLED');
insert into USERS (contact_id, username, password, name, role, status) values (12, 'scarhartb', 'hmwIsRuoJi8g', 'Sidnee Carhart', 'OWNER', 'ENABLED');
insert into USERS (contact_id, username, password, name, role, status) values (13, 'cgaterc', 'iAaWcweE1V', 'Carlotta Gater', 'ASSISTANT', 'ENABLED');
insert into USERS (contact_id, username, password, name, role, status) values (14, 'agorrissend', 'DzX3pDLrGej', 'Alistair Gorrissen', 'ASSISTANT', 'ENABLED');
insert into USERS (contact_id, username, password, name, role, status) values (15, 'vsanbrookee', 'ezb7XNW5gagg', 'Virgie Sanbrooke', 'ADMIN', 'ENABLED');
insert into USERS (contact_id, username, password, name, role, status) values (16, 'bmattissonf', 'p5mP5gtUixe', 'Bourke Mattisson', 'ADMIN', 'ENABLED');

insert into COURTS (name, capacity, rating, country, code, city, street, lat, lng) values ('Perfumania Holdings, Inc', 170, 5, 'Hungary', 8230, 'Balatonfüred', 'Szömörce utca 9', 46.9667787, 17.8785721);
insert into COURTS (name, capacity, rating, country, code, city, street, lat, lng) values ('MFS Municipal Income Trust', 160, 3, 'Hungary', 8220, 'Balatonalmádi', 'Szömörce utca 9', 47.0418377, 17.9994261);
insert into COURTS (name, capacity, rating, country, code, city, street, lat, lng) values ('Qwest Corporation', 136, 1, 'Hungary', 4002, 'Debrecen', 'Szömörce utca 9', 47.5300581, 21.7029055);
insert into COURTS (name, capacity, rating, country, code, city, street, lat, lng) values ('Avenue Therapeutics, Inc.', 465, 3, 'Hungary', 8200, 'Veszprém', 'Szömörce utca 9', 47.0980934, 17.8448546);
insert into COURTS (name, capacity, rating, country, code, city, street, lat, lng) values ('Gigamon Inc.', 146, 1, 'Hungary', 8000, 'Székesfehérvár', 'Szömörce utca 9', 47.1917285, 18.4034223);
insert into COURTS (name, capacity, rating, country, code, city, street, lat, lng) values ('Blackrock MuniYield Fund, Inc.', 260, 3, 'Hungary', 8230, 'Balatonfüred', 'Tamási Áron utca 9', 46.9655024, 17.8829755);
insert into COURTS (name, capacity, rating, country, code, city, street, lat, lng) values ('HTG Molecular Diagnostics, Inc.', 188, 5, 'Hungary', 1124, 'Budapest', 'Tamási Áron utca 9', 47.4918158, 19.0082272);
insert into COURTS (name, capacity, rating, country, code, city, street, lat, lng) values ('Pacific Biosciences of California, Inc.', 452, 5, 'Hungary', 2903, 'Komárom', 'Tamási Áron utca 9', 47.7491263, 18.0711669);
insert into COURTS (name, capacity, rating, country, code, city, street, lat, lng) values ('Helen of Troy Limited', 330, 1, 'Hungary', 2400, 'Dunaújváros', 'Tamási Áron utca 9', 46.9705292, 18.9181006);
insert into COURTS (name, capacity, rating, country, code, city, street, lat, lng) values ('AC Immune SA', 124, 5, 'Hungary', 2131, 'Göd', 'Tamási Áron utca 9', 47.6765075, 19.1261509);
insert into COURTS (name, capacity, rating, country, code, city, street, lat, lng) values ('P.A.M. Transportation Services, Inc.', 299, 4, 'Hungary', 1052, 'Budapest', 'Petőfi Sándor utca 9', 47.4944613, 19.0553173);
insert into COURTS (name, capacity, rating, country, code, city, street, lat, lng) values ('Signet Jewelers Limited', 113, 4, 'Hungary', 6000, 'Kecskemét', 'Petőfi Sándor utca 9', 46.9035733, 19.6851248);

insert into TEAMS (owner_id, court_id, name) values (1, 1, 'Waters-Walsh');
insert into TEAMS (owner_id, court_id, name) values (2, 2, 'Aufderhar Inc');
insert into TEAMS (owner_id, court_id, name) values (3, 3, 'Smitham-Hessel');
insert into TEAMS (owner_id, court_id, name) values (4, 4, 'Sawayn-Bartell');
insert into TEAMS (owner_id, court_id, name) values (5, 5, 'Emard Inc');
insert into TEAMS (owner_id, court_id, name) values (6, 6, 'Mills Inc');
insert into TEAMS (owner_id, court_id, name) values (7, 7, 'Schroeder-Hintz');
insert into TEAMS (owner_id, court_id, name) values (8, 8, 'Dach LLC');
insert into TEAMS (owner_id, court_id, name) values (9, 9, 'Stracke-Marquardt');
insert into TEAMS (owner_id, court_id, name) values (10, 10, 'Aufderhar-Weissnat');
insert into TEAMS (owner_id, court_id, name) values (11, 11, 'McLaughlin-Water');
insert into TEAMS (owner_id, court_id, name) values (12, 12, 'Homenick Group');

insert into PLAYERS (name, birth, height, weight) values ('Courtney Lewsley', '1993-01-06', 189, 114);
insert into PLAYERS (name, birth, height, weight) values ('Hubey Rittelmeyer', '2002-11-25', 193, 96);
insert into PLAYERS (name, birth, height, weight) values ('Fianna Humphrey', '1999-02-14', 205, 95);
insert into PLAYERS (name, birth, height, weight) values ('Dory Venning', '1995-04-20', 208, 87);
insert into PLAYERS (name, birth, height, weight) values ('Felisha Learoyde', '2002-03-04', 196, 116);
insert into PLAYERS (name, birth, height, weight) values ('Isa Skillett', '2001-04-28', 181, 109);
insert into PLAYERS (name, birth, height, weight) values ('Leodora Pashba', '1997-01-10', 203, 113);
insert into PLAYERS (name, birth, height, weight) values ('Milly O'' Markey', '2000-03-13', 182, 85);
insert into PLAYERS (name, birth, height, weight) values ('Tomlin Maryska', '1994-09-25', 202, 101);
insert into PLAYERS (name, birth, height, weight) values ('Willy McLemon', '2003-03-03', 205, 85);
insert into PLAYERS (name, birth, height, weight) values ('Marje Henstridge', '2004-04-09', 193, 80);
insert into PLAYERS (name, birth, height, weight) values ('Courtenay Hawket', '1991-10-10', 208, 97);
insert into PLAYERS (name, birth, height, weight) values ('Roseanna Wandrey', '1996-07-29', 195, 84);
insert into PLAYERS (name, birth, height, weight) values ('Tomasine Thorbon', '1997-03-05', 209, 114);
insert into PLAYERS (name, birth, height, weight) values ('Janella Eddowes', '2003-05-29', 187, 91);
insert into PLAYERS (name, birth, height, weight) values ('Mario Jorden', '1992-02-23', 195, 102);
insert into PLAYERS (name, birth, height, weight) values ('Myer Arnatt', '1995-08-13', 210, 112);
insert into PLAYERS (name, birth, height, weight) values ('Piper Pohlke', '1995-07-26', 194, 113);
insert into PLAYERS (name, birth, height, weight) values ('Cass Haydn', '1990-11-10', 185, 115);
insert into PLAYERS (name, birth, height, weight) values ('Roman Danis', '1999-06-27', 196, 111);
insert into PLAYERS (name, birth, height, weight) values ('Maxie Stoneham', '1998-04-23', 194, 109);
insert into PLAYERS (name, birth, height, weight) values ('Merci Godridge', '2002-11-07', 182, 108);
insert into PLAYERS (name, birth, height, weight) values ('Moishe Tanton', '2003-10-30', 204, 89);
insert into PLAYERS (name, birth, height, weight) values ('Brett Curnick', '1994-03-19', 201, 117);
insert into PLAYERS (name, birth, height, weight) values ('Dorella Arniz', '2003-05-05', 204, 118);
insert into PLAYERS (name, birth, height, weight) values ('Earlie Chateau', '2001-03-23', 196, 96);
insert into PLAYERS (name, birth, height, weight) values ('Pembroke Tante', '2001-05-28', 182, 114);
insert into PLAYERS (name, birth, height, weight) values ('Marmaduke Westhead', '2004-07-26', 207, 88);
insert into PLAYERS (name, birth, height, weight) values ('Tedie Chinge', '1997-07-29', 187, 104);
insert into PLAYERS (name, birth, height, weight) values ('Ronda Bridden', '1995-08-31', 188, 93);
insert into PLAYERS (name, birth, height, weight) values ('Jo-anne Gorwood', '1990-01-25', 193, 118);
insert into PLAYERS (name, birth, height, weight) values ('Jervis McMinn', '1994-07-24', 207, 81);
insert into PLAYERS (name, birth, height, weight) values ('Timmi Brandi', '1999-09-01', 193, 119);
insert into PLAYERS (name, birth, height, weight) values ('Aundrea Palomba', '1992-08-11', 187, 116);
insert into PLAYERS (name, birth, height, weight) values ('Bord Edie', '2002-03-13', 205, 83);
insert into PLAYERS (name, birth, height, weight) values ('Conney Hofer', '1995-11-05', 184, 85);
insert into PLAYERS (name, birth, height, weight) values ('Christi Chauvey', '1996-10-06', 205, 106);
insert into PLAYERS (name, birth, height, weight) values ('Shirley Vakhrushev', '2004-02-28', 202, 94);
insert into PLAYERS (name, birth, height, weight) values ('Margarette Crickmore', '1997-11-27', 186, 99);
insert into PLAYERS (name, birth, height, weight) values ('Benni Schapiro', '1995-06-11', 190, 84);
insert into PLAYERS (name, birth, height, weight) values ('Darryl Pocknell', '1994-10-25', 191, 112);
insert into PLAYERS (name, birth, height, weight) values ('Marleen Pumfrey', '2004-12-15', 197, 93);
insert into PLAYERS (name, birth, height, weight) values ('Georgina McCarle', '1995-03-14', 186, 102);
insert into PLAYERS (name, birth, height, weight) values ('Clementina Thwaite', '2002-11-15', 201, 114);
insert into PLAYERS (name, birth, height, weight) values ('Durante Smillie', '2004-02-21', 189, 116);
insert into PLAYERS (name, birth, height, weight) values ('Ossie Schoroder', '1995-08-19', 202, 80);
insert into PLAYERS (name, birth, height, weight) values ('Trisha Klishin', '1994-05-13', 199, 99);
insert into PLAYERS (name, birth, height, weight) values ('Hartley Kundt', '1992-10-01', 180, 120);
insert into PLAYERS (name, birth, height, weight) values ('Killie Craven', '1992-08-23', 198, 103);
insert into PLAYERS (name, birth, height, weight) values ('Mirabella Pyvis', '1995-01-13', 202, 101);
insert into PLAYERS (name, birth, height, weight) values ('Alfonso Sellors', '1998-11-01', 187, 112);
insert into PLAYERS (name, birth, height, weight) values ('Trever Duffield', '2001-09-29', 207, 83);
insert into PLAYERS (name, birth, height, weight) values ('Arabele Terlinden', '1993-11-16', 194, 100);
insert into PLAYERS (name, birth, height, weight) values ('Aldous Innes', '1992-01-19', 202, 99);
insert into PLAYERS (name, birth, height, weight) values ('Gerardo Carlet', '2003-12-15', 203, 87);
insert into PLAYERS (name, birth, height, weight) values ('Gerty Grabban', '2004-11-02', 192, 112);
insert into PLAYERS (name, birth, height, weight) values ('Cherise Grigorushkin', '1991-09-09', 195, 83);
insert into PLAYERS (name, birth, height, weight) values ('Buddie Whiffin', '1990-06-26', 209, 120);
insert into PLAYERS (name, birth, height, weight) values ('Luke Hawney', '2004-03-06', 196, 88);
insert into PLAYERS (name, birth, height, weight) values ('Kelila Broke', '1999-09-16', 198, 96);

insert into COACHES (contact_id, name) values (17, 'Flory Omond');
insert into COACHES (contact_id, name) values (18, 'Clemence Paish');
insert into COACHES (contact_id, name) values (19, 'Hyacinthia Oldford');
insert into COACHES (contact_id, name) values (20, 'Marie-ann Ruvel');
insert into COACHES (contact_id, name) values (21, 'Margy Benediktovich');
insert into COACHES (contact_id, name) values (22, 'Rhonda Wilhelmy');
insert into COACHES (contact_id, name) values (23, 'Tabitha Genny');
insert into COACHES (contact_id, name) values (24, 'Consuelo Papaccio');
insert into COACHES (contact_id, name) values (25, 'Thorsten Rumbold');
insert into COACHES (contact_id, name) values (26, 'Amalita Perell');
insert into COACHES (contact_id, name) values (27, 'Glyn Monkhouse');
insert into COACHES (contact_id, name) values (28, 'Madel Lewry');

insert into REFEREES (contact_id, name) values (29, 'Asia Tuite');
insert into REFEREES (contact_id, name) values (30, 'Rube Raund');
insert into REFEREES (contact_id, name) values (31, 'Sabra Stout');
insert into REFEREES (contact_id, name) values (32, 'Ollie Sictornes');
insert into REFEREES (contact_id, name) values (33, 'Armando Lakeman');
insert into REFEREES (contact_id, name) values (34, 'Leonerd Malser');


insert into CONTRACTS (team_id, player_id, jersey, position) values (1, 1, 46, 'SF');
insert into CONTRACTS (team_id, player_id, jersey, position) values (2, 2, 55, 'PG');
insert into CONTRACTS (team_id, player_id, jersey, position) values (3, 3, 41, 'SF');
insert into CONTRACTS (team_id, player_id, jersey, position) values (4, 4, 36, 'SF');
insert into CONTRACTS (team_id, player_id, jersey, position) values (5, 5, 51, 'SG');
insert into CONTRACTS (team_id, player_id, jersey, position) values (6, 6, 80, 'PF');
insert into CONTRACTS (team_id, player_id, jersey, position) values (7, 7, 48, 'SF');
insert into CONTRACTS (team_id, player_id, jersey, position) values (8, 8, 77, 'PG');
insert into CONTRACTS (team_id, player_id, jersey, position) values (9, 9, 43, 'PG');
insert into CONTRACTS (team_id, player_id, jersey, position) values (10, 10, 5, 'C');
insert into CONTRACTS (team_id, player_id, jersey, position) values (11, 11, 56, 'C');
insert into CONTRACTS (team_id, player_id, jersey, position) values (12, 12, 50, 'PG');
insert into CONTRACTS (team_id, player_id, jersey, position) values (1, 13, 53, 'C');
insert into CONTRACTS (team_id, player_id, jersey, position) values (2, 14, 6, 'C');
insert into CONTRACTS (team_id, player_id, jersey, position) values (3, 15, 59, 'C');
insert into CONTRACTS (team_id, player_id, jersey, position) values (4, 16, 11, 'SG');
insert into CONTRACTS (team_id, player_id, jersey, position) values (5, 17, 13, 'C');
insert into CONTRACTS (team_id, player_id, jersey, position) values (6, 18, 7, 'PG');
insert into CONTRACTS (team_id, player_id, jersey, position) values (7, 19, 72, 'C');
insert into CONTRACTS (team_id, player_id, jersey, position) values (8, 20, 20, 'SG');
insert into CONTRACTS (team_id, player_id, jersey, position) values (9, 21, 28, 'C');
insert into CONTRACTS (team_id, player_id, jersey, position) values (10, 22, 15, 'C');
insert into CONTRACTS (team_id, player_id, jersey, position) values (11, 23, 57, 'C');
insert into CONTRACTS (team_id, player_id, jersey, position) values (12, 24, 78, 'PF');
insert into CONTRACTS (team_id, player_id, jersey, position) values (1, 25, 5, 'SF');
insert into CONTRACTS (team_id, player_id, jersey, position) values (2, 26, 74, 'PG');
insert into CONTRACTS (team_id, player_id, jersey, position) values (3, 27, 3, 'C');
insert into CONTRACTS (team_id, player_id, jersey, position) values (4, 28, 70, 'PG');
insert into CONTRACTS (team_id, player_id, jersey, position) values (5, 29, 15, 'SG');
insert into CONTRACTS (team_id, player_id, jersey, position) values (6, 30, 54, 'SF');
insert into CONTRACTS (team_id, player_id, jersey, position) values (7, 31, 32, 'SG');
insert into CONTRACTS (team_id, player_id, jersey, position) values (8, 32, 45, 'PG');
insert into CONTRACTS (team_id, player_id, jersey, position) values (9, 33, 42, 'PG');
insert into CONTRACTS (team_id, player_id, jersey, position) values (10, 34, 47, 'SF');
insert into CONTRACTS (team_id, player_id, jersey, position) values (11, 35, 69, 'SG');
insert into CONTRACTS (team_id, player_id, jersey, position) values (12, 36, 17, 'PF');
insert into CONTRACTS (team_id, player_id, jersey, position) values (1, 37, 32, 'SG');
insert into CONTRACTS (team_id, player_id, jersey, position) values (2, 38, 35, 'SF');
insert into CONTRACTS (team_id, player_id, jersey, position) values (3, 39, 43, 'PG');
insert into CONTRACTS (team_id, player_id, jersey, position) values (4, 40, 39, 'C');
insert into CONTRACTS (team_id, player_id, jersey, position) values (5, 41, 66, 'SG');
insert into CONTRACTS (team_id, player_id, jersey, position) values (6, 42, 77, 'PG');
insert into CONTRACTS (team_id, player_id, jersey, position) values (7, 43, 81, 'SG');
insert into CONTRACTS (team_id, player_id, jersey, position) values (8, 44, 55, 'C');
insert into CONTRACTS (team_id, player_id, jersey, position) values (9, 45, 56, 'PG');
insert into CONTRACTS (team_id, player_id, jersey, position) values (10, 46, 26, 'SF');
insert into CONTRACTS (team_id, player_id, jersey, position) values (11, 47, 22, 'SF');
insert into CONTRACTS (team_id, player_id, jersey, position) values (12, 48, 73, 'SG');
insert into CONTRACTS (team_id, player_id, jersey, position) values (1, 49, 57, 'PG');
insert into CONTRACTS (team_id, player_id, jersey, position) values (2, 50, 81, 'SF');
insert into CONTRACTS (team_id, player_id, jersey, position) values (3, 51, 5, 'PF');
insert into CONTRACTS (team_id, player_id, jersey, position) values (4, 52, 13, 'C');
insert into CONTRACTS (team_id, player_id, jersey, position) values (5, 53, 2, 'SF');
insert into CONTRACTS (team_id, player_id, jersey, position) values (6, 54, 73, 'C');
insert into CONTRACTS (team_id, player_id, jersey, position) values (7, 55, 31, 'C');
insert into CONTRACTS (team_id, player_id, jersey, position) values (8, 56, 77, 'C');
insert into CONTRACTS (team_id, player_id, jersey, position) values (9, 57, 23, 'SF');
insert into CONTRACTS (team_id, player_id, jersey, position) values (10, 58, 59, 'PG');
insert into CONTRACTS (team_id, player_id, jersey, position) values (11, 59, 40, 'C');
insert into CONTRACTS (team_id, player_id, jersey, position) values (12, 60, 70, 'PG');

insert into EMPLOYMENTS (team_id, coach_id, position) values (1, 1, 'PRIMARY');
insert into EMPLOYMENTS (team_id, coach_id, position) values (2, 2, 'PRIMARY');
insert into EMPLOYMENTS (team_id, coach_id, position) values (3, 3, 'PRIMARY');
insert into EMPLOYMENTS (team_id, coach_id, position) values (4, 4, 'PRIMARY');
insert into EMPLOYMENTS (team_id, coach_id, position) values (5, 5, 'PRIMARY');
insert into EMPLOYMENTS (team_id, coach_id, position) values (6, 6, 'PRIMARY');
insert into EMPLOYMENTS (team_id, coach_id, position) values (7, 7, 'PRIMARY');
insert into EMPLOYMENTS (team_id, coach_id, position) values (8, 8, 'PRIMARY');
insert into EMPLOYMENTS (team_id, coach_id, position) values (9, 9, 'PRIMARY');
insert into EMPLOYMENTS (team_id, coach_id, position) values (10, 10, 'PRIMARY');
insert into EMPLOYMENTS (team_id, coach_id, position) values (11, 11, 'PRIMARY');
insert into EMPLOYMENTS (team_id, coach_id, position) values (12, 12, 'PRIMARY');